[
  {
    "x": 663,
    "y": 216,
    "mac": "52cda4c5-01c8-4d0a-851a-c6fdf6c344eb"
  },
  {
    "x": 592,
    "y": 203,
    "mac": "4af9d727-dc89-4c24-a5a9-1a415069195a"
  },
  {
    "x": 919,
    "y": 78,
    "mac": "a022e91d-e24d-4981-8e0c-790ae7b843a2"
  },
  {
    "x": 527,
    "y": 225,
    "mac": "8cd591ae-54cc-4af3-a5e3-88494a38f306"
  },
  {
    "x": 676,
    "y": 47,
    "mac": "65251248-e6de-46b4-9e2b-7b0ebc3bfa73"
  },
  {
    "x": 886,
    "y": 51,
    "mac": "844bddfc-a421-4cf6-b274-c5fc4aba4cf2"
  },
  {
    "x": 482,
    "y": 57,
    "mac": "e1edde82-41cd-415a-a1ed-6b9d9bc1ed1b"
  },
  {
    "x": 846,
    "y": 179,
    "mac": "9ce0f4c4-434b-4b7f-b4ce-0744e8afbde3"
  },
  {
    "x": 407,
    "y": 125,
    "mac": "d4130787-46ed-46e0-9fb1-e1801884f3e3"
  },
  {
    "x": 718,
    "y": 193,
    "mac": "f99c85bc-0e0b-47cb-8777-95cb5d691982"
  },
  {
    "x": 632,
    "y": 89,
    "mac": "92c7fd1f-9633-40e2-86f1-e306042c5639"
  },
  {
    "x": 899,
    "y": 153,
    "mac": "bc4b2dd4-bd21-463d-a02c-42d849093e40"
  },
  {
    "x": 838,
    "y": 240,
    "mac": "063322e8-caf3-4bd9-b1eb-54ce0e53fdef"
  },
  {
    "x": 812,
    "y": 167,
    "mac": "77ab393d-ae2e-4447-bee2-2b68d51b4eb6"
  },
  {
    "x": 907,
    "y": 207,
    "mac": "de5fb9d1-8088-4af1-9955-79dfaba358d7"
  },
  {
    "x": 805,
    "y": 386,
    "mac": "8305c032-e84d-478e-a041-720d3a79c8d9"
  },
  {
    "x": 679,
    "y": 24,
    "mac": "2b50e527-9fd5-4b6b-8049-98582e4a2fd7"
  },
  {
    "x": 513,
    "y": 103,
    "mac": "d6a5ad7c-9688-4df9-9cf2-2410ab9c3cb8"
  },
  {
    "x": 406,
    "y": 66,
    "mac": "d72ced1e-eca0-43e7-ad33-ba273a5aa7a8"
  },
  {
    "x": 523,
    "y": 224,
    "mac": "8b450ffc-d8a2-443d-9ab2-484034f5990e"
  },
  {
    "x": 851,
    "y": 214,
    "mac": "16fd1248-1e3b-413f-a75f-858ebff90adf"
  },
  {
    "x": 556,
    "y": 56,
    "mac": "dcde0c81-dc2c-4f7c-84ba-a749a4be63d7"
  },
  {
    "x": 876,
    "y": 232,
    "mac": "47b8276b-0613-4ade-a768-b4192c4af253"
  },
  {
    "x": 473,
    "y": 208,
    "mac": "09c4a023-1e1c-4b5a-8205-7814bee37725"
  },
  {
    "x": 406,
    "y": 209,
    "mac": "e83beedb-98f7-4dfa-a6ad-785bb8a97c15"
  },
  {
    "x": 743,
    "y": 115,
    "mac": "06635ac5-a2f4-4ad0-baee-c79a38e21698"
  },
  {
    "x": 520,
    "y": 211,
    "mac": "b2c8f7cb-88d8-43b8-961a-d12872d2376b"
  },
  {
    "x": 487,
    "y": 142,
    "mac": "954b5be9-5390-4bb9-88dd-8c3b01d64d22"
  },
  {
    "x": 626,
    "y": 191,
    "mac": "1fbefdda-98cc-4ebe-8beb-f93d8bed9d1b"
  },
  {
    "x": 662,
    "y": 26,
    "mac": "5e3cca9e-ac20-46c0-b0f7-68b5da01a310"
  },
  {
    "x": 603,
    "y": 85,
    "mac": "bd81a779-d099-4c8d-99f1-eb15ef351a25"
  },
  {
    "x": 658,
    "y": 228,
    "mac": "329de5e0-72f7-4636-8bde-8cb176a82fc7"
  },
  {
    "x": 765,
    "y": 193,
    "mac": "68b5e947-c442-44a5-9155-fed0b0108eca"
  },
  {
    "x": 698,
    "y": 44,
    "mac": "d173519a-1a0f-4feb-8329-a5e53aa15347"
  },
  {
    "x": 874,
    "y": 67,
    "mac": "6b8b6ed1-eae0-4eb2-ad9e-75176d9cbcd5"
  },
  {
    "x": 1000,
    "y": 22,
    "mac": "f06b26b2-4e44-4198-acbc-636dd51ef410"
  },
  {
    "x": 762,
    "y": 176,
    "mac": "9ada6fae-7698-4102-8abb-f980fe632973"
  },
  {
    "x": 659,
    "y": 150,
    "mac": "0b9c10a1-2dc1-49c7-b9a2-b7ee40850c47"
  },
  {
    "x": 584,
    "y": 190,
    "mac": "97e2b111-e616-4748-ba40-aca09441fb6d"
  },
  {
    "x": 488,
    "y": 123,
    "mac": "58c36059-d154-449b-9636-774a324f91da"
  },
  {
    "x": 857,
    "y": 230,
    "mac": "22404b4c-1b9c-46ee-94a3-7ec6d0ddf313"
  },
  {
    "x": 477,
    "y": 71,
    "mac": "18b84c00-3ceb-4241-8cf4-b654f9566067"
  },
  {
    "x": 952,
    "y": 114,
    "mac": "f4f8991f-ce05-4b05-b48e-73890fa9b202"
  },
  {
    "x": 474,
    "y": 133,
    "mac": "5fa84b15-a75b-4ebc-abf6-aac83b87b03d"
  },
  {
    "x": 846,
    "y": 70,
    "mac": "7d86fdbb-3a51-4ec0-92fa-df42354dbb6c"
  },
  {
    "x": 919,
    "y": 168,
    "mac": "39e940d6-134f-4808-ad4e-d150076a991c"
  },
  {
    "x": 56,
    "y": 228,
    "mac": "5d899226-1160-4643-91c0-af3f51238823"
  },
  {
    "x": 920,
    "y": 72,
    "mac": "53992ed3-3dd5-4ade-9ce0-f9d272d27cc0"
  },
  {
    "x": 978,
    "y": 62,
    "mac": "74974c7d-32a2-40f5-856f-945f3559a82f"
  },
  {
    "x": 635,
    "y": 211,
    "mac": "607d3d24-4e02-46ac-8a14-648aa2a5d958"
  },
  {
    "x": 770,
    "y": 77,
    "mac": "37712f5c-2c25-442e-bfd4-d9acbf82411d"
  },
    {
    "x": 106,
    "y": 208,
    "mac": "5d899226-1160-4643-91c0-af3f51238823"
  },
    {
    "x": 136,
    "y": 228,
    "mac": "5d899226-1160-4643-91c0-af3f51238823"
  },  
  {
    "x": 160,
    "y": 155,
    "mac": "09495cc8-bc8d-46f4-8608-2320dfbdfdc2"
  },
  {
    "x": 213,
    "y": 166,
    "mac": "ebe3591e-c1c1-4cb5-be20-ccdd8c31bf70"
  },
   {
    "x": 193,
    "y": 92,
    "mac": "ebe3591e-c1c1-4cb5-be20-ccdd8c31bf70"
  },
   {
    "x": 213,
    "y": 106,
    "mac": "ebe3591e-c1c1-4cb5-be20-ccdd8c31bf70"
  },
   {
    "x": 263,
    "y": 116,
    "mac": "ebe33591e-c1c1-4cb5-be20-ccdd8c31bf70"
  },
   {
    "x": 233,
    "y": 96,
    "mac": "ebe3591e-c1c1-4cb5-be20-ccdd8c31bf70"
  },
  {
    "x": 215,
    "y": 259,
    "mac": "57d405f5-3fab-4682-8519-5e9d0ceb53f3"
  },
    {
    "x": 102,
    "y": 182,
    "mac": "dcfc1601-aca7-419a-9432-3f7f29fd8c1e"
  },
  {
    "x": 123,
    "y": 266,
    "mac": "2871aaac-a6c6-44d3-a3a4-2c504ec40215"
  },
  {
    "x": 121,
    "y": 330,
    "mac": "ab6a3526-a369-40e3-aaaa-7e943dfd2a21"
  },
  {
    "x": 122,
    "y": 227,
    "mac": "7f541909-cbbd-4372-a574-481b9a14f8ec"
  },
  {
    "x": 147,
    "y": 362,
    "mac": "07e1f8e9-6c2b-4d01-9a62-6a14fc45f075"
  },
  {
    "x": 108,
    "y": 343,
    "mac": "7c4ddde4-12ff-4a57-9f71-fac6c3ff3b1d"
  },
    {
    "x": 255,
    "y": 416,
    "mac": "413917b8-a9f1-4e9e-a71e-d584cf8c6418"
  },
    {
    "x": 255,
    "y": 416,
    "mac": "413917b8-a9f1-4e9e-a71e-d584cf8c6418"
  },
    {
    "x": 255,
    "y": 416,
    "mac": "413917b8-a9f1-4e9e-a71e-d584cf8c6418"
  },
    {
    "x": 255,
    "y": 386,
    "mac": "413917b8-a9f1-4e9e-a71e-d584cf8c6418"
  },
    {
    "x": 255,
    "y": 366,
    "mac": "413917b8-a9f1-4e9e-a71e-d584cf8c6418"
  },
  {
    "x": 236,
    "y": 244,
    "mac": "3866bcee-1dcc-47ac-8edd-f1624526067b"
  },
  {
    "x": 323,
    "y": 392,
    "mac": "e132daa4-fec4-4808-b05a-53146a7e0d7a"
  },
  {
    "x": 243,
    "y": 336,
    "mac": "8b45f524-7b59-4a52-b291-09e01d70cfd8"
  },
  {
    "x": 286,
    "y": 411,
    "mac": "3f516a45-e1d4-4855-9603-7c8390d56689"
  },
  {
    "x": 328,
    "y": 326,
    "mac": "7e69b3ce-2b77-4937-b26c-ba37c7df0509"
  },
    {
    "x": 880,
    "y": 383,
    "mac": "cc49f885-9043-4926-a824-041811c8e2e9"
  },
  {
    "x": 855,
    "y": 380,
    "mac": "d25a3512-2b20-45fd-961b-58842358eab8"
  },
  {
    "x": 931,
    "y": 389,
    "mac": "cdd38ce7-4797-4573-9923-467f728e7562"
  },
  {
    "x": 836,
    "y": 383,
    "mac": "c2122c3b-4fe6-465b-8034-27780030764c"
  },
  {
    "x": 922,
    "y": 310,
    "mac": "4998db2c-0948-4558-9430-8c3d1f3b5710"
  },
  {
    "x": 930,
    "y": 312,
    "mac": "a3e4472d-c545-4ece-9790-9f27adc89f6d"
  },
    {
    "x": 313,
    "y": 210,
    "mac": "c2f11eb5-531f-4ff2-8aa6-cdb26591355b"
  },
  {
    "x": 351,
    "y": 207,
    "mac": "ccc3b413-507b-40c2-9088-197491cfda4d"
  },
  {
    "x": 355,
    "y": 201,
    "mac": "831b97a7-0420-4044-9138-90f3b554eb30"
  },
  {
    "x": 402,
    "y": 201,
    "mac": "0e56f5e9-b695-44e2-abe4-eaa3a38e57b3"
  },
    {
    "x": 365,
    "y": 209,
    "mac": "e287c26d-ea4c-4b36-ad42-69e4298b42e8"
  },
  {
    "x": 426,
    "y": 262,
    "mac": "790322ab-52fd-4767-93b6-f0ed16f5ae7f"
  },
  {
    "x": 423,
    "y": 201,
    "mac": "6ef2b9bb-8cb2-49b1-9a04-2ad3a061a519"
  },
  {
    "x": 295,
    "y": 206,
    "mac": "6559e1ce-b360-4ae9-8eb3-6018fda90e29"
  },
  {
    "x": 377,
    "y": 210,
    "mac": "df34651e-7db3-4f83-867a-fdaac859266f"
  },
  {
    "x": 421,
    "y": 200,
    "mac": "5d0516fd-fa2b-4149-8fa3-9dfadb4b178b"
  },
  {
    "x": 240,
    "y": 201,
    "mac": "3e50f489-c214-4ce5-992b-ba1cc0d1092f"
  },
  {
    "x": 328,
    "y": 350,
    "mac": "aa3c5dd0-44cc-4039-af61-be4e38adc6df"
  },
  {
    "x": 306,
    "y": 351,
    "mac": "b3e2bfe1-1dbf-4c3a-a76e-bdb1e7ae351e"
  },
  {
    "x": 396,
    "y": 335,
    "mac": "c7bb4f48-4824-46fe-86ae-4d2bb530d69b"
  },
  {
    "x": 290,
    "y": 244,
    "mac": "09da36af-7c84-4864-adeb-f45b46de1f05"
  },
  {
    "x": 707,
    "y": 200,
    "mac": "71a795ae-b766-4fd9-a9f0-ed57bc7903bf"
  },
  {
    "x": 711,
    "y": 201,
    "mac": "67f3929a-82e3-4d9e-8b90-a9ab339ad092"
  },
    {
    "x": 714,
    "y": 329,
    "mac": "c7f8663f-f9ac-489c-8f5b-97ddbe005944"
  },
  {
    "x": 705,
    "y": 360,
    "mac": "876c6eca-1800-4e8f-8364-42d611545b97"
  },
  {
    "x": 708,
    "y": 396,
    "mac": "76f121aa-224f-40d7-972c-981a067c8c65"
  },
  {
    "x": 708,
    "y": 335,
    "mac": "371067af-28f4-48c1-a183-07cccba7f8f7"
  },
  {
    "x": 714,
    "y": 223,
    "mac": "a03205fb-f963-4adb-8461-3cd1a5bec121"
  },
  {
    "x": 705,
    "y": 314,
    "mac": "65ec5064-34eb-4c93-8efd-b5442c60f918"
  },
  {
    "x": 701,
    "y": 310,
    "mac": "5053f0d6-be7d-407c-9574-e8ef60bd4358"
  },
  {
    "x": 713,
    "y": 276,
    "mac": "16545026-257d-4343-90c8-84165f5ce8cc"
  },
  {
    "x": 712,
    "y": 333,
    "mac": "973976c0-5bfb-4c9a-9271-47dafab5b496"
  },
  {
    "x": 582,
    "y": 234,
    "mac": "0c48e38e-2678-4752-b84a-2b8d7f57d77f"
  },
  {
    "x": 550,
    "y": 146,
    "mac": "4234661e-df6e-409a-a615-1715272aece0"
  },
  {
    "x": 563,
    "y": 301,
    "mac": "0f54b72c-ec8c-4b22-b377-bb0013548e3a"
  },
  {
    "x": 555,
    "y": 260,
    "mac": "12c7246f-5d32-48d3-9117-30462cac5295"
  },
  {
    "x": 587,
    "y": 298,
    "mac": "737caf98-8d3a-4b36-9e9f-26ae9d47488f"
  },
  {
    "x": 567,
    "y": 285,
    "mac": "ed233110-da48-4230-a3f5-26704544ab62"
  },
  {
    "x": 584,
    "y": 288,
    "mac": "4d099078-e02a-4ffb-b37e-24b2b1e68ff1"
  },
  {
    "x": 578,
    "y": 108,
    "mac": "3515c3dd-bbc8-459d-b37c-fd96b7e543c7"
  },
  {
    "x": 580,
    "y": 268,
    "mac": "21cc450d-c670-4f1e-93a2-a60472e43dc2"
  },
  {
    "x": 559,
    "y": 123,
    "mac": "19dc15c5-1f6a-4511-bf71-75403096e683"
  },
  {
    "x": 591,
    "y": 277,
    "mac": "85460f57-c1d7-48b9-ab80-9f8f964cf9e0"
  },
    {
    "x": 295,
    "y": 168,
    "mac": "5944c607-5aaa-498f-aecd-67191465fc5a"
  },
  {
    "x": 291,
    "y": 121,
    "mac": "00d37939-2662-4e7b-93f8-0f03b4486e91"
  },
  {
    "x": 296,
    "y": 198,
    "mac": "15da0bdb-4473-41da-a2bc-a855db996973"
  },
  {
    "x": 285,
    "y": 85,
    "mac": "96bc83ba-2162-483a-ad2d-29e32b71c9df"
  },
  {
    "x": 283,
    "y": 124,
    "mac": "92b14e46-dfaf-4207-a1f1-d4f3060d4e63"
  },
  {
    "x": 302,
    "y": 184,
    "mac": "7f7a5b30-f7a2-41e8-99b9-ace39e7d277a"
  },
   {
    "x": 291,
    "y": 169,
    "mac": "a69c4311-faca-4378-95b4-3b15da7dacbe"
  },
  {
    "x": 527,
    "y": 225,
    "mac": "8cd591ae-54cc-4af3-a5e3-88494a38f306"
  },
  {
    "x": 676,
    "y": 47,
    "mac": "65251248-e6de-46b4-9e2b-7b0ebc3bfa73"
  },
  {
    "x": 886,
    "y": 51,
    "mac": "844bddfc-a421-4cf6-b274-c5fc4aba4cf2"
  },
  {
    "x": 482,
    "y": 57,
    "mac": "e1edde82-41cd-415a-a1ed-6b9d9bc1ed1b"
  },
  {
    "x": 846,
    "y": 179,
    "mac": "9ce0f4c4-434b-4b7f-b4ce-0744e8afbde3"
  },
  {
    "x": 407,
    "y": 125,
    "mac": "d4130787-46ed-46e0-9fb1-e1801884f3e3"
  },
  {
    "x": 718,
    "y": 193,
    "mac": "f99c85bc-0e0b-47cb-8777-95cb5d691982"
  },
  {
    "x": 632,
    "y": 89,
    "mac": "92c7fd1f-9633-40e2-86f1-e306042c5639"
  },
  {
    "x": 899,
    "y": 153,
    "mac": "bc4b2dd4-bd21-463d-a02c-42d849093e40"
  },
  {
    "x": 838,
    "y": 240,
    "mac": "063322e8-caf3-4bd9-b1eb-54ce0e53fdef"
  },
  {
    "x": 812,
    "y": 167,
    "mac": "77ab393d-ae2e-4447-bee2-2b68d51b4eb6"
  },
  {
    "x": 907,
    "y": 207,
    "mac": "de5fb9d1-8088-4af1-9955-79dfaba358d7"
  },
  {
    "x": 805,
    "y": 386,
    "mac": "8305c032-e84d-478e-a041-720d3a79c8d9"
  },
  {
    "x": 679,
    "y": 24,
    "mac": "2b50e527-9fd5-4b6b-8049-98582e4a2fd7"
  },
  {
    "x": 513,
    "y": 103,
    "mac": "d6a5ad7c-9688-4df9-9cf2-2410ab9c3cb8"
  },
  {
    "x": 406,
    "y": 66,
    "mac": "d72ced1e-eca0-43e7-ad33-ba273a5aa7a8"
  },
  {
    "x": 523,
    "y": 224,
    "mac": "8b450ffc-d8a2-443d-9ab2-484034f5990e"
  },
  {
    "x": 851,
    "y": 214,
    "mac": "16fd1248-1e3b-413f-a75f-858ebff90adf"
  },
  {
    "x": 556,
    "y": 56,
    "mac": "dcde0c81-dc2c-4f7c-84ba-a749a4be63d7"
  },
  {
    "x": 876,
    "y": 232,
    "mac": "47b8276b-0613-4ade-a768-b4192c4af253"
  },
  {
    "x": 473,
    "y": 208,
    "mac": "09c4a023-1e1c-4b5a-8205-7814bee37725"
  },
  {
    "x": 406,
    "y": 209,
    "mac": "e83beedb-98f7-4dfa-a6ad-785bb8a97c15"
  },
  {
    "x": 743,
    "y": 115,
    "mac": "06635ac5-a2f4-4ad0-baee-c79a38e21698"
  },
  {
    "x": 520,
    "y": 211,
    "mac": "b2c8f7cb-88d8-43b8-961a-d12872d2376b"
  },
  {
    "x": 487,
    "y": 142,
    "mac": "954b5be9-5390-4bb9-88dd-8c3b01d64d22"
  },
  {
    "x": 626,
    "y": 191,
    "mac": "1fbefdda-98cc-4ebe-8beb-f93d8bed9d1b"
  },
  {
    "x": 662,
    "y": 26,
    "mac": "5e3cca9e-ac20-46c0-b0f7-68b5da01a310"
  },
  {
    "x": 603,
    "y": 85,
    "mac": "bd81a779-d099-4c8d-99f1-eb15ef351a25"
  },
  {
    "x": 658,
    "y": 228,
    "mac": "329de5e0-72f7-4636-8bde-8cb176a82fc7"
  },
  {
    "x": 765,
    "y": 193,
    "mac": "68b5e947-c442-44a5-9155-fed0b0108eca"
  },
  {
    "x": 698,
    "y": 44,
    "mac": "d173519a-1a0f-4feb-8329-a5e53aa15347"
  },
  {
    "x": 874,
    "y": 67,
    "mac": "6b8b6ed1-eae0-4eb2-ad9e-75176d9cbcd5"
  },
  {
    "x": 1000,
    "y": 22,
    "mac": "f06b26b2-4e44-4198-acbc-636dd51ef410"
  },
  {
    "x": 762,
    "y": 176,
    "mac": "9ada6fae-7698-4102-8abb-f980fe632973"
  },
  {
    "x": 659,
    "y": 150,
    "mac": "0b9c10a1-2dc1-49c7-b9a2-b7ee40850c47"
  },
  {
    "x": 584,
    "y": 190,
    "mac": "97e2b111-e616-4748-ba40-aca09441fb6d"
  },
  {
    "x": 488,
    "y": 123,
    "mac": "58c36059-d154-449b-9636-774a324f91da"
  },
  {
    "x": 857,
    "y": 230,
    "mac": "22404b4c-1b9c-46ee-94a3-7ec6d0ddf313"
  },
  {
    "x": 477,
    "y": 71,
    "mac": "18b84c00-3ceb-4241-8cf4-b654f9566067"
  },
  {
    "x": 952,
    "y": 114,
    "mac": "f4f8991f-ce05-4b05-b48e-73890fa9b202"
  },
  {
    "x": 474,
    "y": 133,
    "mac": "5fa84b15-a75b-4ebc-abf6-aac83b87b03d"
  },
  {
    "x": 846,
    "y": 70,
    "mac": "7d86fdbb-3a51-4ec0-92fa-df42354dbb6c"
  },
  {
    "x": 919,
    "y": 168,
    "mac": "39e940d6-134f-4808-ad4e-d150076a991c"
  },
  {
    "x": 56,
    "y": 228,
    "mac": "5d899226-1160-4643-91c0-af3f51238823"
  },
  {
    "x": 920,
    "y": 72,
    "mac": "53992ed3-3dd5-4ade-9ce0-f9d272d27cc0"
  },
  {
    "x": 978,
    "y": 62,
    "mac": "74974c7d-32a2-40f5-856f-945f3559a82f"
  },
  {
    "x": 635,
    "y": 211,
    "mac": "607d3d24-4e02-46ac-8a14-648aa2a5d958"
  },
  {
    "x": 770,
    "y": 77,
    "mac": "37712f5c-2c25-442e-bfd4-d9acbf82411d"
  }

  
]